epoch,train_loss,train_acc,member_eval_acc,holdout_acc,best_acc,overfit_gap
1,21.496152,0.129000,0.203000,0.209000,0.209000,-0.006000
2,19.014804,0.224000,0.253667,0.240333,0.240333,0.013333
3,17.912976,0.249833,0.257333,0.253333,0.253333,0.004000
4,15.974223,0.300667,0.378167,0.372667,0.372667,0.005500
5,14.192682,0.361333,0.413833,0.403333,0.403333,0.010500
6,13.058373,0.395833,0.464667,0.456667,0.456667,0.008000
7,12.126583,0.435000,0.490333,0.472333,0.472333,0.018000
8,11.432322,0.452000,0.528833,0.503000,0.503000,0.025833
9,10.770800,0.480833,0.545833,0.510667,0.510667,0.035167
10,9.672832,0.513333,0.576333,0.539333,0.539333,0.037000
11,9.164116,0.536500,0.588833,0.553667,0.553667,0.035167
12,8.590790,0.556833,0.604667,0.567333,0.567333,0.037333
13,7.841648,0.582667,0.641000,0.605000,0.605000,0.036000
14,7.232008,0.608167,0.661500,0.613333,0.613333,0.048167
15,6.888599,0.633167,0.671000,0.602667,0.613333,0.068333
16,6.707965,0.628667,0.670333,0.618000,0.618000,0.052333
17,6.346067,0.644333,0.678000,0.604667,0.618000,0.073333
18,6.007668,0.658500,0.719000,0.645333,0.645333,0.073667
19,5.551124,0.678000,0.713333,0.629000,0.645333,0.084333
20,5.577524,0.675333,0.749000,0.661000,0.661000,0.088000
21,5.031073,0.699167,0.773500,0.673667,0.673667,0.099833
22,4.886943,0.707500,0.777833,0.671667,0.673667,0.106167
23,4.584081,0.731333,0.766167,0.667333,0.673667,0.098833
24,4.700865,0.717833,0.775667,0.664000,0.673667,0.111667
25,4.585464,0.733167,0.814000,0.692000,0.692000,0.122000
26,4.346616,0.741500,0.812333,0.679000,0.692000,0.133333
27,4.077846,0.748333,0.814833,0.689667,0.692000,0.125167
28,3.818762,0.765667,0.826167,0.691667,0.692000,0.134500
29,3.725822,0.772000,0.845333,0.703000,0.703000,0.142333
30,3.572580,0.783333,0.851500,0.702333,0.703000,0.149167
31,3.466944,0.788500,0.856333,0.700667,0.703000,0.155667
32,3.476368,0.791667,0.846833,0.694000,0.703000,0.152833
33,3.477505,0.791333,0.851000,0.687667,0.703000,0.163333
34,3.215528,0.809167,0.870833,0.705333,0.705333,0.165500
35,3.148858,0.817167,0.873833,0.701333,0.705333,0.172500
36,2.986674,0.822000,0.881167,0.708333,0.708333,0.172833
37,3.022540,0.816667,0.879333,0.700667,0.708333,0.178667
38,2.850765,0.831000,0.899667,0.717667,0.717667,0.182000
39,2.738503,0.836167,0.898333,0.713333,0.717667,0.185000
40,2.713319,0.844167,0.886833,0.693000,0.717667,0.193833
41,2.420359,0.852833,0.921167,0.724000,0.724000,0.197167
42,2.275210,0.874833,0.922000,0.729667,0.729667,0.192333
43,2.140512,0.878333,0.933500,0.725333,0.729667,0.208167
44,2.107784,0.878333,0.932667,0.722667,0.729667,0.210000
45,2.036702,0.880333,0.938167,0.726000,0.729667,0.212167
46,2.072215,0.884667,0.932833,0.723667,0.729667,0.209167
47,1.980834,0.888500,0.941000,0.722000,0.729667,0.219000
48,1.961447,0.893667,0.944500,0.723000,0.729667,0.221500
49,1.946781,0.886000,0.949167,0.722667,0.729667,0.226500
50,1.847912,0.897500,0.949167,0.717333,0.729667,0.231833
51,1.839751,0.898667,0.952833,0.723000,0.729667,0.229833
52,1.821740,0.894000,0.955167,0.716667,0.729667,0.238500
53,1.819631,0.897667,0.954167,0.721667,0.729667,0.232500
54,1.769078,0.902667,0.959833,0.721000,0.729667,0.238833
55,1.731469,0.907500,0.960000,0.720667,0.729667,0.239333
56,1.720522,0.908333,0.955167,0.720333,0.729667,0.234833
57,1.706327,0.906667,0.957167,0.726333,0.729667,0.230833
58,1.669904,0.911167,0.959333,0.726333,0.729667,0.233000
59,1.668672,0.903667,0.968333,0.726333,0.729667,0.242000
60,1.610890,0.911500,0.963667,0.728333,0.729667,0.235333
61,1.618024,0.911000,0.965000,0.720000,0.729667,0.245000
62,1.590421,0.912667,0.969000,0.729667,0.729667,0.239333
63,1.586400,0.917500,0.966167,0.722000,0.729667,0.244167
64,1.587393,0.920833,0.970167,0.729333,0.729667,0.240833
65,1.578668,0.916000,0.971333,0.726333,0.729667,0.245000
66,1.517321,0.922667,0.970667,0.732333,0.732333,0.238333
67,1.523574,0.921333,0.971500,0.734000,0.734000,0.237500
68,1.523154,0.925000,0.973833,0.727333,0.734000,0.246500
69,1.476752,0.923500,0.976667,0.725000,0.734000,0.251667
70,1.507753,0.926667,0.974333,0.722667,0.734000,0.251667
71,1.486210,0.924000,0.977500,0.723667,0.734000,0.253833
72,1.461575,0.929500,0.976500,0.720333,0.734000,0.256167
73,1.450380,0.927333,0.976833,0.731333,0.734000,0.245500
74,1.438374,0.927333,0.978333,0.726667,0.734000,0.251667
75,1.442482,0.928000,0.973667,0.728333,0.734000,0.245333
76,1.416467,0.924833,0.980333,0.730333,0.734000,0.250000
77,1.384950,0.934667,0.982333,0.733000,0.734000,0.249333
78,1.354774,0.935500,0.980667,0.732667,0.734000,0.248000
79,1.365874,0.935167,0.975833,0.725333,0.734000,0.250500
80,1.370047,0.939167,0.979667,0.732667,0.734000,0.247000
81,1.291676,0.939333,0.982500,0.726000,0.734000,0.256500
82,1.235569,0.943167,0.984833,0.729667,0.734000,0.255167
83,1.214991,0.946167,0.986000,0.732333,0.734000,0.253667
84,1.205913,0.946000,0.983833,0.735333,0.735333,0.248500
85,1.216242,0.945500,0.985333,0.732333,0.735333,0.253000
86,1.193279,0.948167,0.985833,0.731333,0.735333,0.254500
87,1.192081,0.946000,0.987833,0.732667,0.735333,0.255167
88,1.163954,0.948167,0.986000,0.725000,0.735333,0.261000
89,1.179160,0.947333,0.986000,0.726333,0.735333,0.259667
90,1.153763,0.949667,0.986833,0.723333,0.735333,0.263500
91,1.134809,0.947667,0.986333,0.726000,0.735333,0.260333
92,1.155440,0.949000,0.986667,0.724667,0.735333,0.262000
93,1.158949,0.951667,0.986167,0.733333,0.735333,0.252833
94,1.145836,0.949833,0.987333,0.728000,0.735333,0.259333
95,1.161462,0.947667,0.987500,0.737333,0.737333,0.250167
96,1.140396,0.950167,0.989333,0.733333,0.737333,0.256000
97,1.124751,0.950667,0.987667,0.729000,0.737333,0.258667
98,1.141993,0.952833,0.989833,0.728667,0.737333,0.261167
99,1.111220,0.952000,0.990500,0.728333,0.737333,0.262167
100,1.113362,0.950500,0.989167,0.733000,0.737333,0.256167
101,1.089272,0.957667,0.989000,0.730667,0.737333,0.258333
102,1.090286,0.956833,0.988833,0.726000,0.737333,0.262833
103,1.110375,0.950833,0.989833,0.727000,0.737333,0.262833
104,1.090721,0.955167,0.988667,0.729667,0.737333,0.259000
105,1.083720,0.952333,0.990667,0.723333,0.737333,0.267333
106,1.086353,0.949833,0.991167,0.725667,0.737333,0.265500
107,1.080367,0.958333,0.989667,0.727000,0.737333,0.262667
108,1.085079,0.955167,0.990167,0.732000,0.737333,0.258167
109,1.077278,0.953667,0.989333,0.724667,0.737333,0.264667
110,1.089858,0.954667,0.990833,0.730000,0.737333,0.260833
111,1.029697,0.960000,0.991333,0.729333,0.737333,0.262000
112,1.041586,0.957833,0.991667,0.731333,0.737333,0.260333
113,1.028132,0.957667,0.991667,0.729333,0.737333,0.262333
114,1.020799,0.960167,0.991167,0.735333,0.737333,0.255833
115,1.010734,0.961000,0.992333,0.730667,0.737333,0.261667
116,1.017749,0.956167,0.991500,0.729333,0.737333,0.262167
117,1.021265,0.964333,0.993000,0.729667,0.737333,0.263333
118,1.017024,0.956333,0.993333,0.732667,0.737333,0.260667
119,0.984444,0.961833,0.993000,0.733000,0.737333,0.260000
120,1.008153,0.962500,0.992667,0.730000,0.737333,0.262667
121,0.991816,0.963000,0.993333,0.730000,0.737333,0.263333
122,0.970177,0.960333,0.994000,0.726000,0.737333,0.268000
123,0.985558,0.961500,0.992333,0.730667,0.737333,0.261667
124,1.008463,0.961167,0.993167,0.730000,0.737333,0.263167
125,0.981334,0.961000,0.992167,0.727000,0.737333,0.265167
126,0.988099,0.961667,0.992500,0.726000,0.737333,0.266500
127,0.970569,0.961500,0.993000,0.725333,0.737333,0.267667
128,0.982400,0.967833,0.993667,0.731000,0.737333,0.262667
129,0.977487,0.961333,0.993833,0.731667,0.737333,0.262167
130,0.985388,0.966833,0.994333,0.729667,0.737333,0.264667
131,0.960258,0.963667,0.993833,0.735333,0.737333,0.258500
132,0.959515,0.962167,0.993667,0.733333,0.737333,0.260333
133,0.956341,0.963000,0.994500,0.729000,0.737333,0.265500
134,0.978394,0.969000,0.993333,0.733000,0.737333,0.260333
135,0.963039,0.964333,0.994833,0.732333,0.737333,0.262500
136,0.960070,0.966167,0.993500,0.733000,0.737333,0.260500
137,0.957202,0.962000,0.993667,0.729667,0.737333,0.264000
138,0.967428,0.961833,0.993500,0.731000,0.737333,0.262500
139,0.966866,0.963833,0.993833,0.732667,0.737333,0.261167
140,0.939594,0.963333,0.993833,0.728667,0.737333,0.265167
141,0.966001,0.963167,0.994167,0.729667,0.737333,0.264500
142,0.939325,0.963333,0.994000,0.731000,0.737333,0.263000
143,0.941175,0.964667,0.993000,0.732667,0.737333,0.260333
144,0.948879,0.963000,0.993833,0.729333,0.737333,0.264500
145,0.945497,0.963167,0.994667,0.727333,0.737333,0.267333
146,0.940105,0.963333,0.994167,0.728000,0.737333,0.266167
147,0.947838,0.965167,0.994167,0.731000,0.737333,0.263167
148,0.945478,0.964000,0.994667,0.728000,0.737333,0.266667
149,0.943380,0.966000,0.994333,0.730667,0.737333,0.263667
150,0.931105,0.966500,0.995000,0.727667,0.737333,0.267333
