epoch,train_loss,train_acc,member_eval_acc,holdout_acc,best_acc,lr
1,2.299873,0.128333,0.152667,0.158000,0.158000,0.010000
2,2.250118,0.153833,0.216833,0.214000,0.214000,0.010000
3,2.093607,0.218667,0.286667,0.302333,0.302333,0.010000
4,1.943212,0.284667,0.334167,0.324000,0.324000,0.010000
5,1.843836,0.326000,0.376833,0.359667,0.359667,0.010000
6,1.782615,0.347333,0.407000,0.390333,0.390333,0.010000
7,1.732509,0.357333,0.390833,0.383000,0.390333,0.010000
8,1.663959,0.382000,0.432333,0.421333,0.421333,0.010000
9,1.616990,0.390833,0.447333,0.436667,0.436667,0.010000
10,1.575880,0.417833,0.472167,0.464000,0.464000,0.010000
11,1.504612,0.440500,0.465000,0.449667,0.464000,0.010000
12,1.472847,0.459500,0.494833,0.473333,0.473333,0.010000
13,1.444734,0.467167,0.510000,0.489000,0.489000,0.010000
14,1.420286,0.478667,0.526833,0.491667,0.491667,0.010000
15,1.381981,0.491833,0.555333,0.527333,0.527333,0.010000
16,1.337577,0.512667,0.547000,0.522667,0.527333,0.010000
17,1.349101,0.509667,0.569000,0.537000,0.537000,0.010000
18,1.280617,0.530833,0.587667,0.537000,0.537000,0.010000
19,1.259151,0.543833,0.584500,0.549333,0.549333,0.010000
20,1.239786,0.555833,0.592500,0.554667,0.554667,0.010000
21,1.210163,0.561500,0.613667,0.569000,0.569000,0.010000
22,1.175072,0.565833,0.629333,0.591333,0.591333,0.010000
23,1.146347,0.590333,0.627667,0.582000,0.591333,0.010000
24,1.148862,0.586833,0.642500,0.582667,0.591333,0.010000
25,1.101663,0.598333,0.651333,0.587667,0.591333,0.010000
26,1.068952,0.614500,0.660000,0.605000,0.605000,0.010000
27,1.026847,0.626667,0.675667,0.608333,0.608333,0.010000
28,1.014848,0.641000,0.716833,0.637000,0.637000,0.010000
29,1.004555,0.635833,0.687667,0.609667,0.637000,0.010000
30,0.985218,0.644500,0.710000,0.625667,0.637000,0.010000
31,0.942020,0.666500,0.729833,0.636667,0.637000,0.010000
32,0.953501,0.658167,0.726167,0.629667,0.637000,0.010000
33,0.917448,0.677667,0.749000,0.649667,0.649667,0.010000
34,0.883334,0.682500,0.734667,0.645333,0.649667,0.010000
35,0.858853,0.686000,0.750333,0.640667,0.649667,0.010000
36,0.866208,0.691167,0.748333,0.644000,0.649667,0.010000
37,0.850049,0.696000,0.762000,0.640000,0.649667,0.010000
38,0.846594,0.692333,0.764667,0.647667,0.649667,0.010000
39,0.797526,0.713333,0.802333,0.663333,0.663333,0.010000
40,0.779874,0.723833,0.785667,0.644333,0.663333,0.005000
41,0.704563,0.745667,0.819500,0.683667,0.683667,0.005000
42,0.664670,0.763333,0.840167,0.682333,0.683667,0.005000
43,0.643983,0.771000,0.840833,0.685000,0.685000,0.005000
44,0.638704,0.770333,0.847333,0.686000,0.686000,0.005000
45,0.619439,0.782667,0.848000,0.677667,0.686000,0.005000
46,0.610690,0.787500,0.859667,0.689333,0.689333,0.005000
47,0.591497,0.788000,0.846500,0.683333,0.689333,0.005000
48,0.573876,0.790667,0.844667,0.672000,0.689333,0.005000
49,0.562358,0.800833,0.868500,0.691000,0.691000,0.005000
50,0.558746,0.797500,0.880833,0.693667,0.693667,0.005000
51,0.553124,0.800167,0.874667,0.690667,0.693667,0.005000
52,0.540713,0.807667,0.878833,0.689667,0.693667,0.005000
53,0.529167,0.811667,0.889667,0.690000,0.693667,0.005000
54,0.494093,0.822333,0.885833,0.689667,0.693667,0.005000
55,0.502533,0.819667,0.878000,0.696333,0.696333,0.005000
56,0.488264,0.829500,0.901167,0.698333,0.698333,0.005000
57,0.485921,0.828000,0.901167,0.686667,0.698333,0.005000
58,0.478203,0.829000,0.881500,0.685333,0.698333,0.005000
59,0.493456,0.821500,0.903667,0.692000,0.698333,0.005000
60,0.477067,0.836000,0.900333,0.692000,0.698333,0.005000
61,0.467346,0.832833,0.912500,0.696667,0.698333,0.005000
62,0.436569,0.842000,0.918500,0.699333,0.699333,0.005000
63,0.427772,0.853667,0.910000,0.691333,0.699333,0.005000
64,0.416025,0.851167,0.918500,0.689667,0.699333,0.005000
65,0.402422,0.857833,0.927000,0.696333,0.699333,0.005000
66,0.413458,0.850000,0.926167,0.697667,0.699333,0.005000
67,0.390568,0.860167,0.944833,0.709000,0.709000,0.005000
68,0.373357,0.870167,0.939000,0.706000,0.709000,0.005000
69,0.377501,0.868500,0.931500,0.693333,0.709000,0.005000
70,0.364409,0.871667,0.930667,0.688333,0.709000,0.005000
71,0.355828,0.873500,0.942167,0.698667,0.709000,0.005000
72,0.364205,0.869167,0.938167,0.700000,0.709000,0.005000
73,0.336914,0.880333,0.945167,0.689667,0.709000,0.005000
74,0.322720,0.887000,0.941333,0.699333,0.709000,0.005000
75,0.337044,0.876833,0.946833,0.695000,0.709000,0.005000
76,0.350595,0.874833,0.930667,0.673333,0.709000,0.005000
77,0.336027,0.879500,0.945667,0.700000,0.709000,0.005000
78,0.328239,0.885500,0.938833,0.689667,0.709000,0.005000
79,0.315319,0.889500,0.940167,0.688333,0.709000,0.005000
80,0.295147,0.896000,0.954333,0.695333,0.709000,0.002500
81,0.251263,0.911667,0.969333,0.703667,0.709000,0.002500
82,0.226266,0.918833,0.975167,0.709667,0.709667,0.002500
83,0.219231,0.924333,0.974667,0.711000,0.711000,0.002500
84,0.225741,0.925500,0.974833,0.710000,0.711000,0.002500
85,0.196538,0.933667,0.975833,0.712000,0.712000,0.002500
86,0.221230,0.925667,0.973833,0.701333,0.712000,0.002500
87,0.194688,0.931167,0.976667,0.712000,0.712000,0.002500
88,0.193632,0.934500,0.975167,0.708667,0.712000,0.002500
89,0.207826,0.931500,0.976333,0.709000,0.712000,0.002500
90,0.197800,0.930667,0.978000,0.709000,0.712000,0.002500
91,0.180154,0.937500,0.983833,0.708333,0.712000,0.002500
92,0.173712,0.939833,0.980667,0.705333,0.712000,0.002500
93,0.181088,0.940333,0.978500,0.706333,0.712000,0.002500
94,0.170815,0.940333,0.982333,0.707667,0.712000,0.002500
95,0.165496,0.944000,0.983667,0.716000,0.716000,0.002500
96,0.164152,0.945833,0.983667,0.705333,0.716000,0.002500
97,0.169323,0.941667,0.984667,0.712000,0.716000,0.002500
98,0.158818,0.943167,0.984833,0.702667,0.716000,0.002500
99,0.167440,0.940000,0.986000,0.699000,0.716000,0.002500
100,0.158323,0.943500,0.983000,0.698667,0.716000,0.002500
101,0.146735,0.950667,0.987833,0.701333,0.716000,0.002500
102,0.145733,0.951500,0.987333,0.702333,0.716000,0.002500
103,0.143225,0.948500,0.988000,0.703667,0.716000,0.002500
104,0.149494,0.951000,0.985167,0.707000,0.716000,0.002500
105,0.161483,0.945333,0.988667,0.706333,0.716000,0.002500
106,0.157399,0.947667,0.981833,0.703000,0.716000,0.002500
107,0.133475,0.957333,0.988333,0.712667,0.716000,0.002500
108,0.138751,0.954667,0.989000,0.715667,0.716000,0.002500
109,0.138801,0.954000,0.986667,0.701333,0.716000,0.002500
110,0.132466,0.957333,0.991667,0.715000,0.716000,0.001250
111,0.119703,0.962500,0.991667,0.715333,0.716000,0.001250
112,0.104738,0.967167,0.994000,0.708000,0.716000,0.001250
113,0.099820,0.967833,0.993333,0.711667,0.716000,0.001250
114,0.097336,0.968333,0.993500,0.715667,0.716000,0.001250
115,0.108067,0.966667,0.991000,0.703667,0.716000,0.001250
116,0.107453,0.964000,0.994167,0.713000,0.716000,0.001250
117,0.093678,0.970500,0.994833,0.707000,0.716000,0.001250
118,0.088638,0.969833,0.995667,0.711000,0.716000,0.001250
119,0.087971,0.970667,0.993667,0.712000,0.716000,0.001250
120,0.086980,0.970000,0.995500,0.713000,0.716000,0.001250
121,0.092563,0.968167,0.995667,0.713333,0.716000,0.001250
122,0.080491,0.975000,0.994833,0.710333,0.716000,0.001250
123,0.092116,0.972500,0.993833,0.712667,0.716000,0.001250
124,0.088968,0.969667,0.996000,0.706333,0.716000,0.001250
125,0.083672,0.971667,0.995500,0.711000,0.716000,0.001250
126,0.079522,0.974333,0.994333,0.711333,0.716000,0.001250
127,0.080936,0.974000,0.996333,0.715667,0.716000,0.001250
128,0.083357,0.975167,0.996333,0.713000,0.716000,0.001250
129,0.078957,0.974333,0.997000,0.714333,0.716000,0.001250
130,0.079462,0.975167,0.995500,0.712333,0.716000,0.001250
131,0.074114,0.977667,0.996500,0.713333,0.716000,0.001250
132,0.072910,0.977333,0.996167,0.711000,0.716000,0.001250
133,0.079081,0.975000,0.997167,0.708000,0.716000,0.001250
134,0.077343,0.975667,0.997167,0.713000,0.716000,0.001250
135,0.068987,0.979000,0.995167,0.707000,0.716000,0.001250
136,0.073298,0.975333,0.995667,0.713667,0.716000,0.001250
137,0.072616,0.976833,0.996667,0.715667,0.716000,0.001250
138,0.074307,0.975333,0.996833,0.713333,0.716000,0.001250
139,0.078841,0.975000,0.995333,0.707667,0.716000,0.001250
140,0.078198,0.975167,0.996667,0.716667,0.716667,0.001250
141,0.067037,0.977833,0.997500,0.713333,0.716667,0.001250
142,0.073069,0.974667,0.995333,0.709667,0.716667,0.001250
143,0.067990,0.977333,0.997000,0.707667,0.716667,0.001250
144,0.067555,0.976500,0.995500,0.714000,0.716667,0.001250
145,0.067289,0.977833,0.996167,0.712667,0.716667,0.001250
146,0.061540,0.981333,0.996000,0.712667,0.716667,0.001250
147,0.066706,0.976000,0.996667,0.710000,0.716667,0.001250
148,0.069544,0.977167,0.997333,0.715667,0.716667,0.001250
149,0.066270,0.977833,0.996833,0.711333,0.716667,0.001250
150,0.061276,0.980000,0.995000,0.707333,0.716667,0.001250
